Date,Actual,Predicted,Residual
2023-09-15,60.75,63.5900001525879,-2.8400001525878977
2023-09-18,58.0,60.75,-2.75
2023-09-19,55.16999816894531,57.99999999999736,-2.8300018310520443
2023-09-20,52.90999984741211,55.16999816894531,-2.259998321533203
2023-09-21,52.15999984741211,52.90999984741211,-0.75
2023-09-22,51.31999969482422,52.15999984741211,-0.8400001525878906
2023-09-25,54.43999862670898,51.31999969482422,3.1199989318847585
2023-09-26,53.52000045776367,54.43999862670898,-0.9199981689453054
2023-09-27,52.9900016784668,53.52000045776367,-0.529998779296875
2023-09-28,55.4900016784668,52.9900016784668,2.5
2023-09-29,53.52000045776367,55.4900016784668,-1.970001220703125
2023-10-02,52.2599983215332,53.52000045776367,-1.2600021362304688
2023-10-03,51.56999969482422,52.2599983215332,-0.6899986267089844
2023-10-04,53.459999084472656,51.56999969482422,1.8899993896484375
2023-10-05,52.5099983215332,53.459999084472656,-0.9500007629394531
2023-10-06,54.08000183105469,52.5099983215332,1.5700035095214844
2023-10-09,54.25,54.08000183105469,0.1699981689453125
2023-10-10,55.709999084472656,54.25,1.4599990844726562
2023-10-11,54.68000030517578,55.709999084472656,-1.029998779296875
2023-10-12,51.84999847412109,54.68000030517578,-2.8300018310546946
2023-10-13,50.77999877929688,51.84999847412109,-1.0699996948242045
2023-10-16,52.09000015258789,50.77999877929688,1.3100013732910085
2023-10-17,52.290000915527344,52.09000015258789,0.20000076293945312
2023-10-18,51.900001525878906,52.290000915527344,-0.3899993896484375
2023-10-19,49.7400016784668,51.900001525878906,-2.1599998474121094
2023-10-20,47.869998931884766,49.7400016784668,-1.8700027465820312
2023-10-23,50.209999084472656,47.869998931884766,2.3400001525878906
2023-10-24,52.369998931884766,50.209999084472656,2.1599998474121094
2023-10-25,49.43999862670898,52.369998931884766,-2.9300003051757884
2023-10-26,50.16999816894531,49.43999862670898,0.7299995422363352
2023-10-27,49.09000015258789,50.16999816894531,-1.0799980163574219
2023-10-30,47.900001525878906,49.09000015258789,-1.1899986267089844
2023-10-31,49.290000915527344,47.900001525878906,1.3899993896484375
2023-11-01,50.52000045776367,49.290000915527344,1.2299995422363281
2023-11-02,52.81999969482422,50.52000045776367,2.299999237060547
2023-11-03,53.4900016784668,52.81999969482422,0.6700019836425781
2023-11-06,53.09999847412109,53.4900016784668,-0.39000320434571023
2023-11-07,55.27000045776367,53.09999847412109,2.1700019836425852
2023-11-08,54.400001525878906,55.27000045776367,-0.8699989318847656
2023-11-09,51.58000183105469,54.400001525878906,-2.8199996948242188
2023-11-10,52.27000045776367,51.58000183105469,0.6899986267089844
2023-11-13,51.68999862670898,52.27000045776367,-0.5800018310546946
2023-11-14,53.43000030517578,51.68999862670898,1.740001678466804
2023-11-15,55.43000030517578,53.43000030517578,2.0
2023-11-16,54.22999954223633,55.43000030517578,-1.2000007629394531
2023-11-17,54.9900016784668,54.22999954223633,0.7600021362304688
2023-11-20,58.68000030517578,54.9900016784668,3.6899986267089844
2023-11-21,58.65999984741211,58.68000030517578,-0.020000457763671875
2023-11-22,61.7599983215332,58.65999984741211,3.0999984741210938
2023-11-24,63.880001068115234,61.7599983215332,2.1200027465820312
2023-11-27,61.0,63.880001068115234,-2.8800010681152344
2023-11-28,61.91999816894531,61.0,0.9199981689453125
2023-11-29,62.209999084472656,61.91999816894531,0.29000091552734375
2023-11-30,61.5,62.209999084472656,-0.7099990844726562
2023-12-01,63.900001525878906,61.5,2.4000015258789062
2023-12-04,61.93000030517578,63.900001525878906,-1.970001220703125
2023-12-05,63.59000015258789,61.93000030517578,1.6599998474121094
2023-12-06,61.060001373291016,63.59000015258789,-2.529998779296875
2023-12-07,62.43999862670898,61.060001373291016,1.3799972534179616
2023-12-08,67.2300033569336,62.43999862670898,4.7900047302246165
2023-12-11,64.88999938964844,67.2300033569336,-2.3400039672851562
2023-12-12,64.70999908447266,64.88999938964844,-0.18000030517578125
2023-12-13,65.61000061035156,64.70999908447266,0.9000015258789062
2023-12-14,70.73500061035156,65.61000061035156,5.125
2023-12-15,71.02999877929688,70.73500061035156,0.2949981689453125
2023-12-18,68.87000274658203,71.02999877929688,-2.1599960327148438
2023-12-19,69.43000030517578,68.87000274658203,0.55999755859375
2023-12-20,68.4000015258789,69.43000030517578,-1.029998779296875
2023-12-21,71.19999694824219,68.4000015258789,2.7999954223632812
2023-12-22,72.29000091552734,71.19999694824219,1.0900039672851562
2023-12-26,73.41000366210938,72.29000091552734,1.1200027465820312
2023-12-27,74.25,73.41000366210938,0.839996337890625
2023-12-28,77.47000122070312,74.25,3.220001220703125
2023-12-29,75.1449966430664,77.47000122070312,-2.3250045776367188
2024-01-02,68.91999816894531,75.1449966430664,-6.224998474121094
2024-01-03,67.91000366210938,68.91999816894531,-1.0099945068359375
2024-01-04,68.38999938964844,67.91000366210938,0.4799957275390625
2024-01-05,67.05000305175781,68.38999938964844,-1.339996337890625
2024-01-08,72.83999633789062,67.05000305175781,5.7899932861328125
2024-01-09,71.87999725341797,72.83999633789062,-0.9599990844726562
2024-01-10,70.7699966430664,71.87999725341797,-1.1100006103515625
2024-01-11,69.7699966430664,70.7699966430664,-1.0
2024-01-12,70.0,69.7699966430664,0.23000335693359375
2024-01-16,68.4800033569336,70.0,-1.5199966430664062
2024-01-17,69.86000061035156,68.4800033569336,1.3799972534179688
2024-01-18,74.2300033569336,69.86000061035156,4.370002746582031
2024-01-19,78.58000183105469,74.2300033569336,4.349998474121094
2024-01-22,77.11000061035156,78.58000183105469,-1.470001220703125
2024-01-23,76.3499984741211,77.11000061035156,-0.7600021362304688
2024-01-24,75.73999786376953,76.3499984741211,-0.6100006103515625
2024-01-25,73.91000366210938,75.73999786376953,-1.8299942016601562
2024-01-26,71.16999816894531,73.91000366210938,-2.7400054931640625
2024-01-29,72.93000030517578,71.16999816894531,1.7600021362304688
2024-01-30,71.97000122070312,72.93000030517578,-0.9599990844726562
2024-01-31,70.66999816894531,71.97000122070312,-1.3000030517578125
2024-02-01,70.5199966430664,70.66999816894531,-0.15000152587890625
2024-02-02,71.0,70.5199966430664,0.48000335693359375
2024-02-05,73.2699966430664,71.0,2.2699966430664062
2024-02-06,72.9800033569336,73.2699966430664,-0.2899932861328125
2024-02-07,77.01000213623047,72.9800033569336,4.029998779296875
2024-02-08,113.88999938964844,77.01000213623047,36.87999725341797
2024-02-09,115.20999908447266,113.88999938964844,1.3199996948242188
2024-02-12,148.97000122070312,115.20999908447266,33.76000213623047
2024-02-13,119.9800033569336,148.97000122070312,-28.98999786376953
2024-02-14,126.4000015258789,119.9800033569336,6.4199981689453125
2024-02-15,133.67999267578125,126.4000015258789,7.279991149902344
2024-02-16,128.33999633789062,133.67999267578125,-5.339996337890625
2024-02-20,121.7699966430664,128.33999633789062,-6.569999694824219
2024-02-21,123.38999938964844,121.7699966430664,1.6200027465820312
2024-02-22,128.52999877929688,123.38999938964844,5.1399993896484375
2024-02-23,133.33999633789062,128.52999877929688,4.80999755859375
2024-02-26,146.1999969482422,133.33999633789062,12.860000610351562
2024-02-27,137.9499969482422,146.1999969482422,-8.25
2024-02-28,133.86000061035156,137.9499969482422,-4.089996337890625
2024-02-29,141.0399932861328,133.86000061035156,7.17999267578125
2024-03-01,141.6199951171875,141.0399932861328,0.5800018310546875
2024-03-04,138.00999450683594,141.6199951171875,-3.6100006103515625
2024-03-05,134.07000732421875,138.00999450683594,-3.9399871826171875
2024-03-06,136.99000549316406,134.07000732421875,2.9199981689453125
2024-03-07,140.85000610351562,136.99000549316406,3.8600006103515625
2024-03-08,131.47999572753906,140.85000610351562,-9.370010375976562
2024-03-11,126.73999786376952,131.47999572753906,-4.7399978637695455
2024-03-12,129.5,126.73999786376952,2.760002136230483
2024-03-13,131.27000427246094,129.5,1.7700042724609375
2024-03-14,130.9600067138672,131.27000427246094,-0.30999755859375
2024-03-15,126.97000122070312,130.9600067138672,-3.9900054931640625
2024-03-18,129.75,126.97000122070312,2.779998779296875
2024-03-19,124.58999633789062,129.75,-5.160003662109375
2024-03-20,131.3300018310547,124.58999633789061,6.740005493164077
2024-03-21,133.60000610351562,131.3300018310547,2.2700042724609375
2024-03-22,134.14999389648438,133.60000610351562,0.54998779296875
2024-03-25,138.30999755859375,134.14999389648438,4.160003662109375
2024-03-26,127.95999908447266,138.30999755859375,-10.349998474121094
2024-03-27,125.62000274658205,127.95999908447266,-2.339996337890611
2024-03-28,124.98999786376952,125.62000274658205,-0.6300048828125284
2024-04-01,126.91000366210938,124.98999786376952,1.920005798339858
2024-04-02,124.27999877929688,126.91000366210938,-2.6300048828125
2024-04-03,125.30999755859376,124.27999877929688,1.0299987792968892
2024-04-04,122.01000213623048,125.30999755859376,-3.2999954223632812
2024-04-05,124.81999969482422,122.01000213623048,2.809997558593736
2024-04-08,129.25,124.81999969482422,4.430000305175781
2024-04-09,126.80999755859376,129.25,-2.440002441406236
2024-04-10,125.18000030517578,126.80999755859375,-1.6299972534179688
2024-04-11,131.1300048828125,125.18000030517578,5.950004577636719
2024-04-12,126.33000183105467,131.1300048828125,-4.800003051757827
2024-04-15,122.31999969482422,126.33000183105466,-4.01000213623044
2024-04-16,122.22000122070312,122.31999969482422,-0.09999847412109375
2024-04-17,107.55999755859376,122.22000122070312,-14.66000366210936
2024-04-18,104.91999816894533,107.55999755859376,-2.6399993896484375
2024-04-19,87.19000244140625,104.91999816894533,-17.729995727539077
2024-04-22,93.11000061035156,87.19000244140625,5.9199981689453125
2024-04-23,96.04000091552734,93.11000061035156,2.9300003051757812
2024-04-24,99.87999725341795,96.04000091552734,3.839996337890611
2024-04-25,97.93000030517578,99.87999725341795,-1.9499969482421733
2024-04-26,101.9499969482422,97.93000030517578,4.0199966430664205
2024-04-29,103.23999786376952,101.9499969482422,1.2900009155273153
2024-04-30,101.20999908447266,103.23999786376952,-2.029998779296861
2024-05-01,95.29000091552734,101.20999908447266,-5.9199981689453125
2024-05-02,98.0,95.29000091552734,2.7099990844726562
2024-05-03,101.6999969482422,98.0,3.6999969482422017
2024-05-06,106.9800033569336,101.6999969482422,5.280006408691392
2024-05-07,107.8000030517578,106.9800033569336,0.8199996948242045
2024-05-08,106.06999969482422,107.8000030517578,-1.7300033569335795
2024-05-09,103.58999633789062,106.06999969482422,-2.4800033569335938
2024-05-10,108.83999633789062,103.58999633789062,5.25
2024-05-13,117.2300033569336,108.83999633789062,8.390007019042969
2024-05-14,116.6500015258789,117.2300033569336,-0.5800018310546875
2024-05-15,113.66999816894533,116.6500015258789,-2.9800033569335795
2024-05-16,114.2699966430664,113.66999816894533,0.5999984741210795
2024-05-17,110.3499984741211,114.2699966430664,-3.9199981689453125
2024-05-20,110.45999908447266,110.3499984741211,0.1100006103515625
2024-05-21,114.7699966430664,110.45999908447266,4.30999755859375
2024-05-22,112.43000030517578,114.7699966430664,-2.339996337890625
2024-05-23,112.52999877929688,112.43000030517578,0.09999847412109375
2024-05-24,114.63999938964844,112.52999877929688,2.1100006103515625
2024-05-28,124.94000244140624,114.63999938964844,10.300003051757798
2024-05-29,120.6500015258789,124.94000244140624,-4.2900009155273295
2024-05-30,120.7300033569336,120.6500015258789,0.0800018310546875
2024-05-31,120.5199966430664,120.7300033569336,-0.2100067138671875
2024-06-03,127.12000274658205,120.5199966430664,6.600006103515639
2024-06-04,125.86000061035156,127.12000274658205,-1.260002136230483
2024-06-05,136.6699981689453,125.86000061035156,10.80999755859375
2024-06-06,137.125,136.6699981689453,0.4550018310546875
2024-06-07,136.57000732421875,137.125,-0.55499267578125
2024-06-10,139.91000366210938,136.57000732421875,3.339996337890625
2024-06-11,143.9199981689453,139.91000366210938,4.0099945068359375
2024-06-12,155.58999633789062,143.9199981689453,11.669998168945312
2024-06-13,158.0500030517578,155.58999633789062,2.4600067138671875
2024-06-14,157.88999938964844,158.0500030517578,-0.160003662109375
2024-06-17,160.2899932861328,157.88999938964844,2.399993896484375
2024-06-18,174.1300048828125,160.2899932861328,13.840011596679688
2024-06-20,160.77000427246094,174.1300048828125,-13.360000610351562
2024-06-21,160.3000030517578,160.77000427246094,-0.470001220703125
2024-06-24,151.07000732421875,160.3000030517578,-9.229995727539062
2024-06-25,160.61000061035156,151.07000732421875,9.539993286132812
2024-06-26,164.72000122070312,160.61000061035156,4.1100006103515625
2024-06-27,166.93499755859375,164.72000122070312,2.214996337890625
2024-06-28,163.6199951171875,166.93499755859375,-3.31500244140625
2024-07-01,158.8300018310547,163.6199951171875,-4.7899932861328125
2024-07-02,163.4600067138672,158.8300018310547,4.6300048828125
2024-07-03,168.24000549316406,163.4600067138672,4.779998779296875
2024-07-05,181.19000244140625,168.24000549316406,12.949996948242188
2024-07-08,184.6999969482422,181.19000244140625,3.5099945068359375
2024-07-09,182.27999877929688,184.6999969482422,-2.4199981689453125
2024-07-10,186.4600067138672,182.27999877929688,4.1800079345703125
2024-07-11,173.19000244140625,186.4600067138672,-13.270004272460938
2024-07-12,181.17999267578125,173.19000244140625,7.989990234375
2024-07-15,177.52999877929688,181.17999267578125,-3.649993896484375
2024-07-16,178.77000427246094,177.52999877929688,1.2400054931640625
2024-07-17,161.6999969482422,178.77000427246094,-17.07000732421875
2024-07-18,158.3300018310547,161.6999969482422,-3.3699951171875
2024-07-19,163.39999389648438,158.3300018310547,5.0699920654296875
2024-07-22,163.5500030517578,163.39999389648438,0.1500091552734375
2024-07-23,171.6999969482422,163.5500030517578,8.149993896484375
2024-07-24,157.67999267578125,171.6999969482422,-14.020004272460938
2024-07-25,149.13999938964844,157.67999267578125,-8.539993286132812
2024-07-26,149.0,149.13999938964844,-0.1399993896484375
2024-07-29,141.44000244140625,149.0,-7.55999755859375
2024-07-30,132.9600067138672,141.44000244140625,-8.479995727539062
2024-07-31,144.1699981689453,132.9600067138672,11.209991455078125
2024-08-01,121.51000213623048,144.1699981689453,-22.65999603271483
2024-08-02,113.4499969482422,121.51000213623048,-8.060005187988281
2024-08-05,110.4499969482422,113.4499969482422,-3.0
2024-08-06,113.38999938964844,110.4499969482422,2.940002441406236
2024-08-07,107.08999633789062,113.38999938964844,-6.3000030517578125
2024-08-08,118.43000030517578,107.08999633789062,11.340003967285156
2024-08-09,117.0,118.43000030517578,-1.4300003051757812
2024-08-12,117.12999725341795,117.0,0.12999725341795454
2024-08-13,123.79000091552734,117.12999725341795,6.660003662109389
2024-08-14,125.91999816894533,123.79000091552734,2.129997253417983
2024-08-15,130.44000244140625,125.91999816894533,4.520004272460923
2024-08-16,130.3000030517578,130.44000244140625,-0.1399993896484375
2024-08-19,132.30999755859375,130.3000030517578,2.0099945068359375
2024-08-20,129.9499969482422,132.30999755859375,-2.3600006103515625
2024-08-21,131.1999969482422,129.9499969482422,1.25
2024-08-22,129.72000122070312,131.1999969482422,-1.4799957275390625
2024-08-23,135.6300048828125,129.72000122070312,5.910003662109375
2024-08-26,128.89999389648438,135.6300048828125,-6.730010986328125
2024-08-27,131.1999969482422,128.89999389648438,2.3000030517578125
2024-08-28,125.31999969482422,131.1999969482422,-5.879997253417969
2024-08-29,131.92999267578125,125.31999969482422,6.609992980957031
2024-08-30,132.8800048828125,131.92999267578125,0.95001220703125
2024-09-03,123.73999786376952,132.8800048828125,-9.140007019042983
2024-09-04,120.9499969482422,123.73999786376952,-2.7900009155273153
2024-09-05,123.08999633789062,120.9499969482422,2.1399993896484233
2024-09-06,117.29000091552734,123.08999633789062,-5.799995422363281
2024-09-09,125.54000091552734,117.29000091552734,8.25
2024-09-10,127.22000122070312,125.54000091552734,1.6800003051757812
2024-09-11,140.32000732421875,127.22000122070312,13.100006103515625
2024-09-12,139.17999267578125,140.32000732421875,-1.1400146484375
2024-09-13,147.3699951171875,139.17999267578125,8.19000244140625
2024-09-16,138.39999389648438,147.3699951171875,-8.970001220703125
2024-09-17,136.83999633789062,138.39999389648438,-1.55999755859375
2024-09-18,138.36000061035156,136.83999633789062,1.5200042724609375
2024-09-19,140.58999633789062,138.36000061035156,2.2299957275390625
2024-09-20,138.89999389648438,140.58999633789062,-1.69000244140625
2024-09-23,141.72000122070312,138.89999389648438,2.82000732421875
2024-09-24,143.3000030517578,141.72000122070312,1.5800018310546875
2024-09-25,146.42999267578125,143.3000030517578,3.1299896240234375
2024-09-26,149.16000366210938,146.42999267578125,2.730010986328125
2024-09-27,145.5800018310547,149.16000366210938,-3.5800018310546875
2024-09-30,143.00999450683594,145.5800018310547,-2.57000732421875
2024-10-01,136.0800018310547,143.00999450683594,-6.92999267578125
2024-10-02,137.02999877929688,136.0800018310547,0.9499969482421875
2024-10-03,138.24000549316406,137.02999877929688,1.2100067138671875
2024-10-04,140.5500030517578,138.24000549316406,2.30999755859375
2024-10-07,141.33999633789062,140.5500030517578,0.7899932861328125
2024-10-08,143.60000610351562,141.33999633789062,2.260009765625
2024-10-09,148.42999267578125,143.60000610351562,4.829986572265625
2024-10-10,149.3300018310547,148.42999267578125,0.9000091552734375
2024-10-11,151.4600067138672,149.3300018310547,2.1300048828125
2024-10-14,161.82000732421875,151.4600067138672,10.360000610351562
2024-10-15,150.6699981689453,161.82000732421875,-11.150009155273438
2024-10-16,152.5,150.6699981689453,1.8300018310546875
2024-10-17,154.60000610351562,152.5,2.100006103515625
2024-10-18,153.02999877929688,154.60000610351562,-1.57000732421875
2024-10-21,152.35000610351562,153.02999877929688,-0.67999267578125
2024-10-22,152.5800018310547,152.35000610351562,0.2299957275390625
2024-10-23,142.41000366210938,152.5800018310547,-10.169998168945312
2024-10-24,141.0399932861328,142.41000366210938,-1.3700103759765625
2024-10-25,143.75,141.0399932861328,2.7100067138671875
2024-10-28,150.02000427246094,143.75,6.2700042724609375
2024-10-29,157.1699981689453,150.02000427246094,7.149993896484375
2024-10-30,154.39999389648438,157.1699981689453,-2.7700042724609375
2024-10-31,141.3000030517578,154.39999389648438,-13.099990844726562
2024-11-01,141.47999572753906,141.3000030517578,0.17999267578125
2024-11-04,137.52999877929688,141.47999572753906,-3.9499969482421875
2024-11-05,140.64999389648438,137.52999877929688,3.1199951171875
2024-11-06,144.67999267578125,140.64999389648438,4.029998779296875
2024-11-07,150.64999389648438,144.67999267578125,5.970001220703125
2024-11-08,147.47999572753906,150.64999389648438,-3.1699981689453125
2024-11-11,141.96499633789062,147.47999572753906,-5.5149993896484375
2024-11-12,139.9199981689453,141.96499633789062,-2.0449981689453125
2024-11-13,135.08999633789062,139.9199981689453,-4.8300018310546875
2024-11-14,136.35000610351562,135.08999633789062,1.260009765625
2024-11-15,128.72999572753906,136.35000610351562,-7.6200103759765625
2024-11-18,128.66000366210938,128.72999572753906,-0.0699920654296875
2024-11-19,133.05999755859375,128.66000366210938,4.399993896484375
2024-11-20,133.6999969482422,133.05999755859375,0.6399993896484375
2024-11-21,133.13999938964844,133.6999969482422,-0.55999755859375
2024-11-22,135.99000549316406,133.13999938964844,2.850006103515625
2024-11-25,139.67999267578125,135.99000549316406,3.6899871826171875
2024-11-26,136.72000122070312,139.67999267578125,-2.959991455078125
2024-11-27,133.3699951171875,136.72000122070312,-3.350006103515625
2024-11-29,134.2899932861328,133.3699951171875,0.9199981689453125
2024-12-02,140.33999633789062,134.2899932861328,6.0500030517578125
2024-12-03,140.3800048828125,140.33999633789062,0.040008544921875
2024-12-04,141.3000030517578,140.3800048828125,0.9199981689453125
2024-12-05,137.9499969482422,141.3000030517578,-3.350006103515625
2024-12-06,140.88999938964844,137.9499969482422,2.94000244140625
2024-12-09,139.63999938964844,140.88999938964844,-1.25
2024-12-10,137.2899932861328,139.63999938964844,-2.350006103515625
2024-12-11,143.16000366210938,137.2899932861328,5.8700103759765625
2024-12-12,148.0,143.16000366210938,4.839996337890625
2024-12-13,151.91000366210938,148.0,3.910003662109375
2024-12-16,145.0,151.91000366210938,-6.910003662109375
2024-12-17,142.8000030517578,145.0,-2.1999969482421875
2024-12-18,136.55999755859375,142.8000030517578,-6.2400054931640625
2024-12-19,132.10000610351562,136.55999755859375,-4.459991455078125
2024-12-20,132.14999389648438,132.10000610351562,0.04998779296875
2024-12-23,126.87000274658205,132.14999389648438,-5.2799911499023295
2024-12-24,131.7899932861328,126.87000274658203,4.919990539550781
2024-12-26,129.69000244140625,131.7899932861328,-2.0999908447265625
2024-12-27,129.1999969482422,129.69000244140625,-0.4900054931640625
2024-12-30,125.91000366210938,129.1999969482422,-3.2899932861328125
2024-12-31,123.36000061035156,125.91000366210938,-2.5500030517578125
2025-01-02,128.1999969482422,123.36000061035156,4.839996337890625
2025-01-03,141.0800018310547,128.1999969482422,12.8800048828125
2025-01-06,147.41000366210938,141.0800018310547,6.3300018310546875
2025-01-07,144.3800048828125,147.41000366210938,-3.029998779296875
2025-01-08,145.1999969482422,144.3800048828125,0.8199920654296875
2025-01-10,140.49000549316406,145.1999969482422,-4.709991455078125
2025-01-13,137.07000732421875,140.49000549316406,-3.4199981689453125
2025-01-14,140.05999755859375,137.07000732421875,2.989990234375
2025-01-15,147.39999389648438,140.05999755859375,7.339996337890625
2025-01-16,147.52000427246094,147.39999389648438,0.1200103759765625
2025-01-17,149.25999450683594,147.52000427246094,1.739990234375
2025-01-21,155.1999969482422,149.25999450683594,5.94000244140625
2025-01-22,179.92999267578125,155.1999969482422,24.729995727539062
2025-01-23,166.55999755859375,179.92999267578125,-13.3699951171875
2025-01-24,162.52000427246094,166.55999755859375,-4.0399932861328125
2025-01-27,145.9600067138672,162.52000427246094,-16.55999755859375
2025-01-28,149.47000122070312,145.9600067138672,3.5099945068359375
2025-01-29,147.60000610351562,149.47000122070312,-1.8699951171875
2025-01-30,153.22999572753906,147.60000610351562,5.6299896240234375
2025-01-31,159.5500030517578,153.22999572753906,6.32000732421875
2025-02-03,155.64999389648438,159.5500030517578,-3.9000091552734375
2025-02-04,162.1999969482422,155.64999389648438,6.5500030517578125
2025-02-05,173.25999450683594,162.1999969482422,11.05999755859375
2025-02-06,167.47000122070312,173.25999450683594,-5.7899932861328125
2025-02-07,162.50999450683594,167.47000122070312,-4.9600067138671875
2025-02-10,160.83999633789062,162.50999450683594,-1.6699981689453125
2025-02-11,157.74000549316406,160.83999633789062,-3.0999908447265625
2025-02-12,155.41000366210938,157.74000549316406,-2.3300018310546875
2025-02-13,164.8300018310547,155.41000366210938,9.419998168945312
2025-02-14,159.5399932861328,164.8300018310547,-5.290008544921875
2025-02-18,160.32000732421875,159.5399932861328,0.7800140380859375
2025-02-19,154.36000061035156,160.32000732421875,-5.9600067138671875
2025-02-20,150.85000610351562,154.36000061035156,-3.5099945068359375
2025-02-21,144.83999633789062,150.85000610351562,-6.010009765625
2025-02-24,140.52999877929688,144.83999633789062,-4.30999755859375
2025-02-25,136.6999969482422,140.52999877929688,-3.8300018310546875
2025-02-26,138.97000122070312,136.6999969482422,2.2700042724609375
2025-02-27,130.33999633789062,138.97000122070312,-8.6300048828125
2025-02-28,131.69000244140625,130.33999633789062,1.350006103515625
2025-03-03,121.0999984741211,131.69000244140625,-10.590003967285156
2025-03-04,122.48999786376952,121.0999984741211,1.3899993896484233
2025-03-05,124.77999877929688,122.48999786376952,2.290000915527358
2025-03-06,117.91999816894533,124.77999877929688,-6.860000610351548
2025-03-07,125.5500030517578,117.91999816894533,7.630004882812472
2025-03-10,116.37999725341795,125.5500030517578,-9.170005798339844
2025-03-11,111.48999786376952,116.37999725341795,-4.8899993896484375
2025-03-12,112.6999969482422,111.48999786376952,1.2099990844726847
2025-03-13,112.0500030517578,112.6999969482422,-0.6499938964844034
2025-03-14,117.94000244140624,112.0500030517578,5.8899993896484375
2025-03-17,121.37000274658205,117.94000244140624,3.4300003051758097
2025-03-18,119.72000122070312,121.37000274658205,-1.6500015258789205
2025-03-19,117.91000366210938,119.72000122070312,-1.80999755859375
2025-03-20,119.06999969482422,117.91000366210938,1.1599960327148438
2025-03-21,119.06999969482422,119.06999969482422,0.0
2025-03-24,124.8499984741211,119.06999969482422,5.779998779296875
2025-03-25,124.27999877929688,124.8499984741211,-0.5699996948242188
2025-03-26,114.93000030517578,124.27999877929688,-9.349998474121094
2025-03-27,112.47000122070312,114.93000030517578,-2.4599990844726562
2025-03-28,107.8000030517578,112.47000122070312,-4.669998168945327
2025-03-31,106.79000091552734,107.8000030517578,-1.0100021362304545
2025-04-01,106.9800033569336,106.79000091552734,0.19000244140625
2025-04-02,108.13999938964844,106.9800033569336,1.1599960327148438
2025-04-03,97.72000122070312,108.13999938964844,-10.419998168945312
2025-04-04,87.70999908447266,97.72000122070312,-10.010002136230469
2025-04-07,88.62999725341797,87.70999908447266,0.9199981689453125
2025-04-08,85.81999969482422,88.62999725341797,-2.80999755859375
2025-04-09,106.58999633789062,85.81999969482422,20.769996643066406
2025-04-10,100.45999908447266,106.58999633789062,-6.129997253417969
2025-04-11,103.98999786376952,100.45999908447266,3.529998779296861
2025-04-14,105.05999755859376,103.98999786376952,1.0699996948242472
2025-04-15,103.8000030517578,105.05999755859376,-1.259994506835966
2025-04-16,101.0,103.8000030517578,-2.8000030517577983
2025-04-17,100.7300033569336,101.0,-0.26999664306640625
2025-04-21,96.83000183105467,100.7300033569336,-3.9000015258789205
2025-04-22,100.5500030517578,96.83000183105467,3.720001220703125
2025-04-23,105.16000366210938,100.5500030517578,4.610000610351577
2025-04-24,112.01000213623048,105.16000366210938,6.849998474121108
2025-04-25,113.33999633789062,112.01000213623048,1.329994201660142
2025-04-28,112.08000183105467,113.33999633789062,-1.2599945068359517
2025-04-29,111.6500015258789,112.08000183105467,-0.43000030517576704
2025-04-30,114.0500030517578,111.6500015258789,2.400001525878892
2025-05-01,115.4000015258789,114.0500030517578,1.349998474121108
2025-05-02,123.2699966430664,115.4000015258789,7.8699951171875
2025-05-05,121.9499969482422,123.2699966430664,-1.3199996948242045
2025-05-06,122.44000244140624,121.9499969482422,0.4900054931640341
2025-05-07,124.19000244140624,122.44000244140624,1.75
2025-05-08,116.5199966430664,124.19000244140624,-7.6700057983398295
2025-05-09,115.8000030517578,116.5199966430664,-0.719993591308608
2025-05-12,124.80999755859376,115.8000030517578,9.009994506835966
2025-05-13,126.68000030517578,124.80999755859376,1.870002746582017
2025-05-14,133.4499969482422,126.68000030517578,6.769996643066406
2025-05-15,133.07000732421875,133.4499969482422,-0.3799896240234375
2025-05-16,135.9600067138672,133.07000732421875,2.8899993896484375
2025-05-19,132.0500030517578,135.9600067138672,-3.910003662109375
2025-05-20,131.0399932861328,132.0500030517578,-1.010009765625
2025-05-21,130.4499969482422,131.0399932861328,-0.589996337890625
2025-05-22,129.27999877929688,130.4499969482422,-1.1699981689453125
2025-05-23,127.18000030517578,129.27999877929688,-2.0999984741210938
2025-05-27,133.9600067138672,127.18000030517578,6.780006408691406
2025-05-28,135.5399932861328,133.9600067138672,1.579986572265625
2025-05-29,128.10000610351562,135.5399932861328,-7.4399871826171875
2025-05-30,124.54000091552734,128.10000610351562,-3.5600051879882812
2025-06-02,126.05500030517578,124.54000091552733,1.5149993896484517
2025-06-03,128.77999877929688,126.05500030517578,2.7249984741210938
2025-06-04,130.36000061035156,128.77999877929688,1.5800018310546875
2025-06-05,129.5500030517578,130.36000061035156,-0.80999755859375
2025-06-06,133.11000061035156,129.5500030517578,3.55999755859375
2025-06-09,138.61000061035156,133.11000061035156,5.5
2025-06-10,140.6300048828125,138.61000061035156,2.0200042724609375
2025-06-11,140.3800048828125,140.6300048828125,-0.25
2025-06-12,138.6199951171875,140.3800048828125,-1.760009765625
2025-06-13,135.5500030517578,138.6199951171875,-3.0699920654296875
2025-06-16,142.0399932861328,135.5500030517578,6.489990234375
2025-06-17,144.72000122070312,142.0399932861328,2.6800079345703125
2025-06-18,146.0500030517578,144.72000122070312,1.3300018310546875
2025-06-20,145.0399932861328,146.0500030517578,-1.010009765625
2025-06-23,149.3300018310547,145.0399932861328,4.290008544921875
2025-06-24,156.41000366210938,149.3300018310547,7.0800018310546875
2025-06-25,157.30999755859375,156.41000366210938,0.899993896484375
2025-06-26,158.14999389648438,157.30999755859375,0.839996337890625
2025-06-27,165.4600067138672,158.14999389648438,7.3100128173828125
2025-06-30,161.74000549316406,165.4600067138672,-3.720001220703125
2025-07-01,156.3300018310547,161.74000549316406,-5.410003662109375
2025-07-02,154.6300048828125,156.3300018310547,-1.6999969482421875
2025-07-03,155.08999633789062,154.6300048828125,0.459991455078125
2025-07-07,146.8800048828125,155.08999633789062,-8.209991455078125
2025-07-08,147.7899932861328,146.8800048828125,0.9099884033203125
2025-07-09,148.02000427246094,147.7899932861328,0.230010986328125
2025-07-10,148.5500030517578,148.02000427246094,0.529998779296875
2025-07-11,145.94000244140625,148.5500030517578,-2.6100006103515625
2025-07-14,144.5399932861328,145.94000244140625,-1.4000091552734375
2025-07-15,147.11000061035156,144.5399932861328,2.57000732421875
2025-07-16,153.89999389648438,147.11000061035156,6.7899932861328125
2025-07-17,157.17999267578125,153.89999389648438,3.279998779296875
2025-07-18,156.74000549316406,157.17999267578125,-0.4399871826171875
2025-07-21,161.9199981689453,156.74000549316406,5.17999267578125
2025-07-22,156.5,161.9199981689453,-5.4199981689453125
2025-07-23,159.27999877929688,156.5,2.779998779296875
2025-07-24,159.99000549316406,159.27999877929688,0.7100067138671875
2025-07-25,163.1699981689453,159.99000549316406,3.17999267578125
2025-07-28,164.3699951171875,163.1699981689453,1.1999969482421875
2025-07-29,163.47000122070312,164.3699951171875,-0.899993896484375
2025-07-30,163.3249969482422,163.47000122070312,-0.1450042724609375
2025-07-31,141.375,163.3249969482422,-21.949996948242188
2025-08-01,137.5800018310547,141.375,-3.7949981689453125
2025-08-04,140.0500030517578,137.5800018310547,2.470001220703125
2025-08-05,137.22999572753906,140.0500030517578,-2.82000732421875
2025-08-06,136.1199951171875,137.22999572753906,-1.1100006103515625
2025-08-07,135.57000732421875,136.1199951171875,-0.54998779296875
2025-08-08,138.5,135.57000732421875,2.92999267578125
2025-08-11,141.0500030517578,138.5,2.5500030517578125
2025-08-12,142.38999938964844,141.0500030517578,1.339996337890625
2025-08-13,141.60000610351562,142.38999938964844,-0.7899932861328125
2025-08-14,140.5500030517578,141.60000610351562,-1.0500030517578125
2025-08-15,138.91000366210938,140.5500030517578,-1.6399993896484375
2025-08-18,141.05999755859375,138.91000366210938,2.149993896484375
2025-08-19,134.00999450683594,141.05999755859375,-7.0500030517578125
2025-08-20,131.16000366210938,134.00999450683594,-2.8499908447265625
2025-08-21,133.27999877929688,131.16000366210938,2.1199951171875
2025-08-22,137.9199981689453,133.27999877929688,4.6399993896484375
2025-08-25,137.77999877929688,137.9199981689453,-0.1399993896484375
2025-08-26,140.25999450683594,137.77999877929688,2.4799957275390625
2025-08-27,140.66000366210938,140.25999450683594,0.4000091552734375
2025-08-28,142.5500030517578,140.66000366210938,1.8899993896484375
2025-08-29,138.30999755859375,142.5500030517578,-4.2400054931640625
2025-09-02,132.33999633789062,138.30999755859375,-5.970001220703125
2025-09-03,131.4199981689453,132.33999633789062,-0.9199981689453125
2025-09-04,135.47999572753906,131.4199981689453,4.05999755859375
2025-09-05,138.1699981689453,135.47999572753906,2.69000244140625
2025-09-08,139.13999938964844,138.1699981689453,0.970001220703125
2025-09-09,140.8000030517578,139.13999938964844,1.660003662109375
2025-09-10,154.13999938964844,140.8000030517578,13.339996337890625
2025-09-11,154.6999969482422,154.13999938964844,0.55999755859375
2025-09-12,150.63999938964844,154.6999969482422,-4.05999755859375
2025-09-15,153.86000061035156,150.63999938964844,3.220001220703125
2025-09-16,153.85000610351562,153.86000061035156,-0.0099945068359375
2025-09-17,153.3699951171875,153.85000610351562,-0.480010986328125
2025-09-18,146.5399932861328,153.3699951171875,-6.8300018310546875
2025-09-19,142.91000366210938,146.5399932861328,-3.6299896240234375
2025-09-22,144.47999572753906,142.91000366210938,1.5699920654296875
2025-09-23,140.99000549316406,144.47999572753906,-3.489990234375
2025-09-24,144.3000030517578,140.99000549316406,3.30999755859375
2025-09-25,140.64999389648438,144.3000030517578,-3.6500091552734375
2025-09-26,139.6199951171875,140.64999389648438,-1.029998779296875
2025-09-29,139.8000030517578,139.6199951171875,0.1800079345703125
2025-09-30,141.49000549316406,139.8000030517578,1.69000244140625
2025-10-01,150.3800048828125,141.49000549316406,8.889999389648438
2025-10-02,152.14500427246094,150.3800048828125,1.7649993896484375
2025-10-03,152.63999938964844,152.14500427246094,0.4949951171875
2025-10-06,156.22000122070312,152.63999938964844,3.5800018310546875
2025-10-07,159.34500122070312,156.22000122070312,3.125
2025-10-08,166.77000427246094,159.34500122070312,7.4250030517578125
2025-10-09,170.66000366210938,166.77000427246094,3.8899993896484375
2025-10-10,154.80999755859375,170.66000366210938,-15.850006103515625
2025-10-13,171.94000244140625,154.80999755859375,17.1300048828125
2025-10-14,168.16000366210938,171.94000244140625,-3.779998779296875
2025-10-15,170.6699981689453,168.16000366210938,2.5099945068359375
2025-10-16,171.19000244140625,170.6699981689453,0.5200042724609375
2025-10-17,165.61000061035156,171.19000244140625,-5.5800018310546875
2025-10-20,171.5,165.61000061035156,5.8899993896484375
2025-10-21,169.3800048828125,171.5,-2.1199951171875
2025-10-22,165.7100067138672,169.3800048828125,-3.6699981689453125
2025-10-23,166.60000610351562,165.7100067138672,0.8899993896484375
2025-10-24,170.67999267578125,166.60000610351562,4.079986572265625
2025-10-27,178.6199951171875,170.67999267578125,7.94000244140625
2025-10-28,173.08999633789062,178.6199951171875,-5.529998779296875
2025-10-29,170.38999938964844,173.08999633789062,-2.6999969482421875
2025-10-30,165.4499969482422,170.38999938964844,-4.94000244140625
2025-10-31,169.82000732421875,165.4499969482422,4.3700103759765625
2025-11-03,168.67999267578125,169.82000732421875,-1.1400146484375
2025-11-04,160.72999572753906,168.67999267578125,-7.9499969482421875
2025-11-05,160.19000244140625,160.72999572753906,-0.5399932861328125
2025-11-06,158.25,160.19000244140625,-1.94000244140625
2025-11-07,152.3800048828125,158.25,-5.8699951171875
2025-11-10,154.83999633789062,152.3800048828125,2.459991455078125
2025-11-11,149.74000549316406,154.83999633789062,-5.0999908447265625
2025-11-12,148.75,149.74000549316406,-0.9900054931640625
2025-11-13,140.30999755859375,148.75,-8.44000244140625
2025-11-14,139.77000427246094,140.30999755859375,-0.5399932861328125
2025-11-17,140.25999450683594,139.77000427246094,0.489990234375
2025-11-18,136.0399932861328,140.25999450683594,-4.220001220703125
2025-11-19,136.99000549316406,136.0399932861328,0.95001220703125
2025-11-20,132.52999877929688,136.99000549316406,-4.4600067138671875
2025-11-21,131.57000732421875,132.52999877929688,-0.959991455078125
2025-11-24,134.7100067138672,131.57000732421875,3.1399993896484375
2025-11-25,131.44000244140625,134.7100067138672,-3.2700042724609375
2025-11-26,132.61000061035156,131.44000244140625,1.1699981689453125
2025-11-28,135.55999755859375,132.61000061035156,2.9499969482421875
2025-12-01,135.00999450683594,135.55999755859375,-0.5500030517578125
2025-12-02,136.47999572753906,135.00999450683594,1.470001220703125
2025-12-03,139.19000244140625,136.47999572753906,2.7100067138671875
2025-12-04,140.49000549316406,139.19000244140625,1.3000030517578125
2025-12-05,141.30999755859375,140.49000549316406,0.8199920654296875
2025-12-08,139.77999877929688,141.30999755859375,-1.529998779296875
2025-12-09,141.92999267578125,139.77999877929688,2.149993896484375
2025-12-10,141.52000427246094,141.92999267578125,-0.4099884033203125
2025-12-11,136.13999938964844,141.52000427246094,-5.3800048828125
2025-12-12,130.88999938964844,136.13999938964844,-5.25
2025-12-15,124.37000274658205,130.88999938964844,-6.519996643066392
2025-12-16,121.0999984741211,124.37000274658203,-3.2700042724609375
2025-12-17,114.58000183105467,121.0999984741211,-6.5199966430664205
2025-12-18,113.51000213623048,114.58000183105467,-1.0699996948241903
2025-12-19,114.02999877929688,113.51000213623048,0.519996643066392
2025-12-22,113.29000091552734,114.02999877929688,-0.7399978637695312
2025-12-23,112.0199966430664,113.29000091552734,-1.2700042724609375
2025-12-24,111.5500030517578,112.0199966430664,-0.46999359130860796
2025-12-26,110.2699966430664,111.5500030517578,-1.280006408691392
2025-12-29,110.51000213623048,110.2699966430664,0.2400054931640767
2025-12-30,110.86000061035156,110.51000213623048,0.34999847412107954
2025-12-31,109.30999755859376,110.86000061035156,-1.5500030517577983
2026-01-02,114.7300033569336,109.30999755859376,5.4200057983398295
2026-01-05,116.11000061035156,114.7300033569336,1.3799972534179688
2026-01-06,115.52999877929688,116.11000061035156,-0.5800018310546875
2026-01-07,115.68000030517578,115.52999877929688,0.15000152587890625
2026-01-08,113.08000183105467,115.68000030517578,-2.599998474121108
2026-01-09,111.79000091552734,113.08000183105467,-1.2900009155273295
2026-01-12,111.13999938964844,111.79000091552734,-0.6500015258789062
2026-01-13,107.83999633789062,111.13999938964844,-3.3000030517578125
2026-01-14,104.98999786376952,107.83999633789062,-2.849998474121108
2026-01-15,105.11000061035156,104.98999786376952,0.12000274658204546
2026-01-16,105.77999877929688,105.11000061035156,0.6699981689453125
2026-01-20,107.16999816894533,105.77999877929688,1.3899993896484517
2026-01-21,113.91999816894533,107.16999816894533,6.75
2026-01-22,119.1999969482422,113.91999816894533,5.279998779296875
2026-01-23,116.06999969482422,119.1999969482422,-3.129997253417983
2026-01-26,114.7300033569336,116.06999969482422,-1.339996337890625
2026-01-27,114.87999725341795,114.7300033569336,0.1499938964843608
2026-01-28,109.95999908447266,114.87999725341795,-4.919998168945298
2026-01-29,108.43000030517578,109.95999908447266,-1.529998779296875
2026-01-30,105.36000061035156,108.43000030517578,-3.0699996948242188
2026-02-02,106.93000030517578,105.36000061035156,1.5699996948242188
2026-02-03,104.5500030517578,106.93000030517578,-2.379997253417983
2026-02-04,104.9000015258789,104.5500030517578,0.34999847412110796
2026-02-05,110.87999725341795,104.9000015258789,5.979995727539048
2026-02-06,123.6999969482422,110.87999725341795,12.819999694824247
2026-02-09,124.61000061035156,123.6999969482422,0.9100036621093608
2026-02-10,125.9499969482422,124.61000061035156,1.3399963378906392
2026-02-11,125.27999877929688,125.9499969482422,-0.6699981689453267
2026-02-12,122.19000244140624,125.27999877929688,-3.089996337890639
2026-02-13,125.27999877929688,122.19000244140624,3.089996337890639
2026-02-17,126.88999938964844,125.27999877929688,1.6100006103515625
2026-02-18,127.23999786376952,126.88999938964844,0.34999847412107954
2026-02-19,126.93000030517578,127.23999786376952,-0.3099975585937358
2026-02-20,125.58000183105467,126.93000030517578,-1.349998474121108
2026-02-23,123.77999877929688,125.58000183105467,-1.8000030517577983
2026-02-24,128.13999938964844,123.77999877929688,4.3600006103515625
2026-02-25,131.74000549316406,128.13999938964844,3.600006103515625
2026-02-26,129.25999450683594,131.74000549316406,-2.480010986328125
2026-02-27,127.4499969482422,129.25999450683594,-1.8099975585937358
2026-03-02,124.37000274658205,127.4499969482422,-3.0799942016601562
2026-03-03,121.72000122070312,124.37000274658205,-2.6500015258789205
2026-03-04,124.11000061035156,121.72000122070312,2.3899993896484375
2026-03-05,120.62000274658205,124.11000061035156,-3.489997863769517
2026-03-06,114.37999725341795,120.62000274658205,-6.240005493164091
2026-03-09,117.62999725341795,114.37999725341795,3.25
2026-03-10,120.5500030517578,117.62999725341795,2.9200057983398438
2026-03-11,120.0999984741211,120.5500030517578,-0.45000457763670454
2026-03-12,115.12000274658205,120.0999984741211,-4.979995727539048
2026-03-13,115.75,115.12000274658205,0.6299972534179545
2026-03-16,121.6999969482422,115.75,5.949996948242202
2026-03-17,127.30999755859376,121.6999969482422,5.6100006103515625
2026-03-18,128.36000061035156,127.30999755859376,1.0500030517577983
2026-03-19,129.82000732421875,128.36000061035156,1.4600067138671875
2026-03-20,132.35000610351562,129.82000732421875,2.529998779296875
2026-03-23,136.88999938964844,132.35000610351562,4.5399932861328125
2026-03-24,134.9600067138672,136.88999938964844,-1.92999267578125
2026-03-25,157.07000732421875,134.9600067138672,22.110000610351562
2026-03-26,154.8000030517578,157.07000732421875,-2.2700042724609375
2026-03-27,144.1300048828125,154.8000030517578,-10.669998168945312
2026-03-30,136.9600067138672,144.1300048828125,-7.1699981689453125
2026-03-31,151.27999877929688,136.9600067138672,14.319992065429688
2026-04-01,155.07000732421875,151.27999877929688,3.790008544921875
2026-04-02,149.11000061035156,155.07000732421875,-5.9600067138671875
2026-04-06,148.77000427246094,149.11000061035156,-0.339996337890625
2026-04-07,143.86000061035156,148.77000427246094,-4.910003662109375
2026-04-08,148.91000366210938,143.86000061035156,5.0500030517578125
2026-04-09,149.7949981689453,148.91000366210938,0.8849945068359375
2026-04-10,148.92999267578125,149.7949981689453,-0.8650054931640625
2026-04-13,157.5800018310547,148.92999267578125,8.650009155273438
2026-04-14,161.22000122070312,157.5800018310547,3.6399993896484375
2026-04-15,159.33999633789062,161.22000122070312,-1.8800048828125
2026-04-16,162.3300018310547,159.33999633789062,2.9900054931640625
2026-04-17,166.72999572753906,162.3300018310547,4.399993896484375
2026-04-20,175.10000610351562,166.72999572753906,8.370010375976562
2026-04-21,175.49000549316406,175.10000610351562,0.3899993896484375
2026-04-22,196.57000732421875,175.49000549316406,21.080001831054688
2026-04-23,204.6100006103516,196.57000732421875,8.039993286132841
2026-04-24,234.80999755859372,204.6100006103516,30.19999694824213
2026-04-27,215.8800048828125,234.80999755859372,-18.92999267578122
2026-04-28,198.6499938964844,215.8800048828125,-17.230010986328097
2026-04-29,201.69000244140625,198.6499938964844,3.0400085449218466
2026-04-30,210.32000732421875,201.69000244140625,8.6300048828125
2026-05-01,211.17999267578125,210.32000732421875,0.8599853515625
2026-05-04,203.25999450683597,211.17999267578125,-7.919998168945284
2026-05-05,208.83999633789065,203.25999450683597,5.5800018310546875
2026-05-06,237.3000030517578,208.83999633789065,28.46000671386716
2026-05-07,213.30999755859372,237.3000030517578,-23.99000549316409
2026-05-08,213.2700042724609,213.30999755859372,-0.0399932861328125
2026-05-11,212.6499938964844,213.2700042724609,-0.6200103759765057
2026-05-12,207.9199981689453,212.6499938964844,-4.729995727539091
2026-05-13,221.2100067138672,207.9199981689453,13.290008544921875
2026-05-14,228.5,221.2100067138672,7.2899932861328125
2026-05-15,209.16000366210935,228.5,-19.339996337890653
2026-05-18,215.1199951171875,209.16000366210935,5.959991455078153
2026-05-19,223.1499938964844,215.1199951171875,8.029998779296903
2026-05-20,256.7300109863281,223.1499938964844,33.58001708984372
2026-05-21,298.2300109863281,256.7300109863281,41.5
2026-05-22,306.510009765625,298.2300109863281,8.279998779296875
2026-05-26,321.2200012207031,306.510009765625,14.709991455078125
2026-05-27,302.7099914550781,321.2200012207031,-18.510009765625
2026-05-28,335.2699890136719,302.7099914550781,32.55999755859375
2026-05-29,353.2900085449219,335.2699890136719,18.02001953125
2026-06-01,408.8500061035156,353.2900085449219,55.55999755859375
2026-06-02,402.7099914550781,408.8500061035156,-6.1400146484375
2026-06-03,411.8299865722656,402.7099914550781,9.1199951171875
2026-06-04,393.4400024414063,411.8299865722656,-18.389984130859318
2026-06-05,342.92999267578125,393.4400024414063,-50.51000976562506
2026-06-08,346.3900146484375,342.92999267578125,3.46002197265625
2026-06-09,324.8599853515625,346.3900146484375,-21.530029296875
2026-06-10,307.42999267578125,324.8599853515625,-17.42999267578125
2026-06-11,342.2300109863281,307.42999267578125,34.800018310546875
2026-06-12,380.80999755859375,342.2300109863281,38.579986572265625
